,loss,memory,time
0,0.9191564264402192,0.060852,0.06172800064086914
