,loss,memory,time
0,0.9271490066896904,0.115984,0.22515606880187988
