,loss,memory,time
0,0.9231691638933038,0.132341,0.662022590637207
